<customUI xmlns="http://schemas.microsoft.com/office/2006/01/customui"
  onLoad="Ribbon_OnLoad">
    <ribbon>
        <tabs>
            <tab idMso="TabAppointment">
                <group id="TSRSetupGroup"
				  getVisible="TSRSetupGroup_GetVisible"
				  getLabel="TSRRibbon_Item_GetLabel">
                    <toggleButton id="TSRItemButton" getLabel="TSRRibbon_Item_GetLabel" size="large"
                                getImage="TSRRibbon_GetImage"
                                  getPressed="TSRItemButton_GetPressed" onAction="TSRItemButton_Click" />
                </group>
                <group id="TSRSetupGroup_Detail"
				  getVisible="TSRSetupGroup_GetVisible"
				  getLabel="TSRRibbon_Item_GetLabel">
                    <box id="TSROptionGroup" boxStyle="vertical">
                        <toggleButton id="TSRItemButton_Detail" getLabel="TSRRibbon_Item_GetLabel" size="large"
									getImage="TSRRibbon_GetImage"
									  getPressed="TSRItemButton_GetPressed" onAction="TSRItemButton_Click" />
                    </box>
                    <separator id="separator1"/>
                    <box id="TSRDetailGroup" boxStyle="vertical">
                      
                        <comboBox id="OrganizationDDL" getLabel="TSRRibbon_Item_GetLabel"
							  onChange="Cbx_OnChange" getItemCount="DDL_GetItemCount"  invalidateContentOnDrop="1"
							  getItemLabel="DDL_GetItemLabel" getItemID="DDL_GetItemID" getText="Cbx_GetText"
							  getEnabled="DDL_GetEnabled" getSupertip="DDL_GetSupertip" getItemSupertip="DDL_GetItemSupertip"></comboBox>
                      
                        <comboBox id="ProjectDDL" getLabel="TSRRibbon_Item_GetLabel"
							  onChange="Cbx_OnChange" getItemCount="DDL_GetItemCount" invalidateContentOnDrop="1"
							  getItemLabel="DDL_GetItemLabel" getItemID="DDL_GetItemID"
							  getText="Cbx_GetText" getEnabled="DDL_GetEnabled"
							  getSupertip="DDL_GetSupertip" getItemSupertip="DDL_GetItemSupertip">                                                        
                        </comboBox>
                      
                        <comboBox id="ActivityDDL" getLabel="TSRRibbon_Item_GetLabel"
								  onChange="Cbx_OnChange" getItemCount="DDL_GetItemCount"
								  getItemLabel="DDL_GetItemLabel" getItemID="DDL_GetItemID" invalidateContentOnDrop="1"
								  getText="Cbx_GetText" getEnabled="DDL_GetEnabled"
								  getSupertip="DDL_GetSupertip" getItemSupertip="DDL_GetItemSupertip"></comboBox>
                      
                        <button id="AdvancedButton" size="normal"
								getLabel="TSRRibbon_Item_GetLabel" onAction="AdvancedButton_Click" />
                        <button id="SubmitButton" size="normal"
								getLabel="TSRRibbon_Item_GetLabel"
								getSupertip="SubmitButton_GetSupertip" onAction="SubmitButton_Click" getEnabled="SubmitButton_getEnable" />
                    </box>
                </group>
            </tab>
        </tabs>
        <!--<contextualTabs>
            <tabSet idMso="TabSetAppointment">
                <tab idMso="TabAppointment">
                    <group id="TSRSetupGroup"
                      getVisible="TSRSetupGroup_GetVisible"
                      getLabel="TSRRibbon_Item_GetLabel">
                        <toggleButton id="TSRItemButton" getLabel="TSRRibbon_Item_GetLabel" size="large"
                                    getImage="TSRRibbon_GetImage"
                                      getPressed="TSRItemButton_GetPressed" onAction="TSRItemButton_Click" />
                    </group>
                    <group id="TSRSetupGroup_Detail"
                      getVisible="TSRSetupGroup_GetVisible"
                      getLabel="TSRRibbon_Item_GetLabel">
                        <box id="TSROptionGroup" boxStyle="vertical">
                            <toggleButton id="TSRItemButton_Detail" getLabel="TSRRibbon_Item_GetLabel" size="large"
                                        getImage="TSRRibbon_GetImage"
                                          getPressed="TSRItemButton_GetPressed" onAction="TSRItemButton_Click" />
                        </box>
                        <separator id="separator1"/>
                        <box id="TSRDetailGroup" boxStyle="vertical">
                            <dropDown id="OrganizationDDL" getLabel="TSRRibbon_Item_GetLabel"
                                  onAction="DDL_OnAction" getItemCount="DDL_GetItemCount"
                                  getItemLabel="DDL_GetItemLabel" getItemID="DDL_GetItemID"
                                  getSelectedItemID="DDL_GetSelectedID" getEnabled="DDL_GetEnabled"
                                  getSupertip="DDL_GetSupertip" getItemSupertip="DDL_GetItemSupertip"/>
                            <dropDown id="ProjectDDL" getLabel="TSRRibbon_Item_GetLabel"
                                  onAction="DDL_OnAction" getItemCount="DDL_GetItemCount"
                                  getItemLabel="DDL_GetItemLabel" getItemID="DDL_GetItemID"
                                  getSelectedItemID="DDL_GetSelectedID" getEnabled="DDL_GetEnabled"
                                  getSupertip="DDL_GetSupertip" getItemSupertip="DDL_GetItemSupertip">
                            </dropDown>
                            <dropDown id="ActivityDDL" getLabel="TSRRibbon_Item_GetLabel"
                                      onAction="DDL_OnAction" getItemCount="DDL_GetItemCount"
                                      getItemLabel="DDL_GetItemLabel" getItemID="DDL_GetItemID"
                                      getSelectedItemID="DDL_GetSelectedID" getEnabled="DDL_GetEnabled"
                                      getSupertip="DDL_GetSupertip" getItemSupertip="DDL_GetItemSupertip"/>
                            <button id="AdvancedButton" size="normal"
                                    getLabel="TSRRibbon_Item_GetLabel" onAction="AdvancedButton_Click" />
                            <button id="SubmitButton" size="normal"
                                    getLabel="TSRRibbon_Item_GetLabel"
                                    getSupertip="SubmitButton_GetSupertip" onAction="SubmitButton_Click" getEnabled="SubmitButton_getEnable" />
                        </box>
                    </group>
                </tab>
            </tabSet>
        </contextualTabs>-->
        <!--<contextualTabs>
            <tabSet idMso="TabSetAppointment">
                <tab idMso="TabAppointment">
                    <group id="calTSRSetupGroup"
                      getVisible="TSRSetupGroup_GetVisible"
                      getLabel="TSRRibbon_Item_GetLabel">
                        <toggleButton id="calTSRItemButton" getLabel="TSRRibbon_Item_GetLabel" size="large"
                                    getImage="TSRRibbon_GetImage"
                                      getPressed="TSRItemButton_GetPressed" onAction="TSRItemButton_Click" />
                    </group>
                    <group id="calTSRSetupGroup_Detail"
                      getVisible="TSRSetupGroup_GetVisible"
                      getLabel="TSRRibbon_Item_GetLabel">
                        <box id="calTSROptionGroup" boxStyle="vertical">
                            <toggleButton id="calTSRItemButton_Detail" getLabel="TSRRibbon_Item_GetLabel" size="large"
                                        getImage="TSRRibbon_GetImage"
                                          getPressed="TSRItemButton_GetPressed" onAction="TSRItemButton_Click" />
                        </box>
                        <separator id="separator2"/>
                        <box id="calTSRDetailGroup" boxStyle="vertical">
                            <dropDown id="calOrganizationDDL" getLabel="TSRRibbon_Item_GetLabel"
                                  onAction="DDL_OnAction" getItemCount="DDL_GetItemCount"
                                  getItemLabel="DDL_GetItemLabel" getItemID="DDL_GetItemID"
                                  getSelectedItemID="DDL_GetSelectedID" getEnabled="DDL_GetEnabled"
                                  getSupertip="DDL_GetSupertip" getItemSupertip="DDL_GetItemSupertip"/>
                            <dropDown id="calProjectDDL" getLabel="TSRRibbon_Item_GetLabel"
                                  onAction="DDL_OnAction" getItemCount="DDL_GetItemCount"
                                  getItemLabel="DDL_GetItemLabel" getItemID="DDL_GetItemID"
                                  getSelectedItemID="DDL_GetSelectedID" getEnabled="DDL_GetEnabled"
                                  getSupertip="DDL_GetSupertip" getItemSupertip="DDL_GetItemSupertip">
                            </dropDown>
                            <dropDown id="calActivityDDL" getLabel="TSRRibbon_Item_GetLabel"
                                      onAction="DDL_OnAction" getItemCount="DDL_GetItemCount"
                                      getItemLabel="DDL_GetItemLabel" getItemID="DDL_GetItemID"
                                      getSelectedItemID="DDL_GetSelectedID" getEnabled="DDL_GetEnabled"
                                      getSupertip="DDL_GetSupertip" getItemSupertip="DDL_GetItemSupertip"/>
                            <button id="calAdvancedButton" size="normal"
                                    getLabel="TSRRibbon_Item_GetLabel" onAction="AdvancedButton_Click" />
                            <button id="calSubmitButton" size="normal"
                                    getLabel="TSRRibbon_Item_GetLabel"
                                    getSupertip="SubmitButton_GetSupertip" onAction="SubmitButton_Click" getEnabled="SubmitButton_getEnable" />
                        </box>
                    </group>
                </tab>
            </tabSet>
        </contextualTabs>-->
    </ribbon>
</customUI>
