﻿<customUI xmlns="http://schemas.microsoft.com/office/2009/07/customui" onLoad="Ribbon_OnLoad">
  <ribbon>
      <contextualTabs>
          <tabSet idMso="TabSetAppointment">
              <tab idMso="TabAppointment">
                  <group id="TSRSetupGroup"
                    getVisible="TSRSetupGroup_GetVisible"
                    getLabel="TSRRibbon_Item_GetLabel">
                      <toggleButton id="TSRItemButton" getLabel="TSRRibbon_Item_GetLabel" size="large"
                                  getImage="TSRRibbon_GetImage"
                                    getPressed="TSRItemButton_GetPressed" onAction="TSRItemButton_Click" />
                  </group>
                  <group id="TSRSetupGroup_Detail"
                    getVisible="TSRSetupGroup_GetVisible"
                    getLabel="TSRRibbon_Item_GetLabel">
                      <box id="TSROptionGroup" boxStyle="vertical">
                          <toggleButton id="TSRItemButton_Detail" getLabel="TSRRibbon_Item_GetLabel" size="large"
                                      getImage="TSRRibbon_GetImage"
                                        getPressed="TSRItemButton_GetPressed" onAction="TSRItemButton_Click" />
                      </box>
                      <separator id="separator1"/>
                      <box id="TSRDetailGroup" boxStyle="vertical">
                          <comboBox id="OrganizationDDL" getLabel="TSRRibbon_Item_GetLabel" 
                                onChange="Cbx_OnChange" getItemCount="DDL_GetItemCount"
                                getItemLabel="DDL_GetItemLabel" getItemID="DDL_GetItemID"
                                getText="Cbx_GetText" getEnabled="DDL_GetEnabled" invalidateContentOnDrop="1"
                                getSupertip="DDL_GetSupertip" getItemSupertip="DDL_GetItemSupertip">
                        </comboBox>
                        
                        <comboBox id="ProjectDDL" getLabel="TSRRibbon_Item_GetLabel"
                                onChange="Cbx_OnChange" getItemCount="DDL_GetItemCount" invalidateContentOnDrop="1"
                                getItemLabel="DDL_GetItemLabel" getItemID="DDL_GetItemID" 
                                getText="Cbx_GetText" getEnabled="DDL_GetEnabled"
                                getSupertip="DDL_GetSupertip" getItemSupertip="DDL_GetItemSupertip">
                          </comboBox>
                        <comboBox id="ActivityDDL" getLabel="TSRRibbon_Item_GetLabel"
                                    onChange="Cbx_OnChange" getItemCount="DDL_GetItemCount" invalidateContentOnDrop="1"
                                    getItemLabel="DDL_GetItemLabel" getItemID="DDL_GetItemID" 
                                    getText="Cbx_GetText" getEnabled="DDL_GetEnabled"
                                    getSupertip="DDL_GetSupertip" getItemSupertip="DDL_GetItemSupertip"/>
                          <button id="AdvancedButton" size="normal"
                                  getLabel="TSRRibbon_Item_GetLabel" onAction="AdvancedButton_Click" />
                        
                          <button id="SaveButton" size="normal"
                                  getLabel="TSRRibbon_Item_GetLabel"
                                  getSupertip="SaveButton_GetSupertip" onAction="SaveButton_Click" getEnabled="SaveButton_getEnable" />
                        
                          <button id="SubmitButton" size="normal"
                                  getLabel="TSRRibbon_Item_GetLabel"
                                  getSupertip="SubmitButton_GetSupertip" onAction="SubmitButton_Click" getEnabled="SubmitButton_getEnable" />
                      </box>
                  </group>
              </tab>
          </tabSet>
          <tabSet idMso="TabSetReccurringAppointment">
              <tab idMso="TabRecurringAppointment">
                  <group id="recTSRSetupGroup"
                    getVisible="TSRSetupGroup_GetVisible"
                    getLabel="TSRRibbon_Item_GetLabel">
                      <toggleButton id="recTSRItemButton" getLabel="TSRRibbon_Item_GetLabel" size="large"
                                  getImage="TSRRibbon_GetImage"
                                    getPressed="TSRItemButton_GetPressed" onAction="TSRItemButton_Click" />
                  </group>
                  <group id="recTSRSetupGroup_Detail"
                    getVisible="TSRSetupGroup_GetVisible"
                    getLabel="TSRRibbon_Item_GetLabel">
                      <box id="recTSROptionGroup" boxStyle="vertical">
                          <toggleButton id="recTSRItemButton_Detail" getLabel="TSRRibbon_Item_GetLabel" size="large"
                                      getImage="TSRRibbon_GetImage"
                                        getPressed="TSRItemButton_GetPressed" onAction="TSRItemButton_Click" />
                      </box>
                      <separator id="separator2"/>
                      <box id="recTSRDetailGroup" boxStyle="vertical">
                          <dropDown id="recOrganizationDDL" getLabel="TSRRibbon_Item_GetLabel"
                                onAction="DDL_OnAction" getItemCount="DDL_GetItemCount"
                                getItemLabel="DDL_GetItemLabel" getItemID="DDL_GetItemID"
                                getSelectedItemID="DDL_GetSelectedID" getEnabled="DDL_GetEnabled"
                                getSupertip="DDL_GetSupertip" getItemSupertip="DDL_GetItemSupertip"/>
                          <dropDown id="recProjectDDL" getLabel="TSRRibbon_Item_GetLabel"
                                onAction="DDL_OnAction" getItemCount="DDL_GetItemCount"
                                getItemLabel="DDL_GetItemLabel" getItemID="DDL_GetItemID"
                                getSelectedItemID="DDL_GetSelectedID" getEnabled="DDL_GetEnabled"
                                getSupertip="DDL_GetSupertip" getItemSupertip="DDL_GetItemSupertip">
                          </dropDown>
                          <dropDown id="recActivityDDL" getLabel="TSRRibbon_Item_GetLabel"
                                    onAction="DDL_OnAction" getItemCount="DDL_GetItemCount"
                                    getItemLabel="DDL_GetItemLabel" getItemID="DDL_GetItemID"
                                    getSelectedItemID="DDL_GetSelectedID" getEnabled="DDL_GetEnabled"
                                    getSupertip="DDL_GetSupertip" getItemSupertip="DDL_GetItemSupertip"/>
                          <button id="recAdvancedButton" size="normal"
                                  getLabel="TSRRibbon_Item_GetLabel" onAction="AdvancedButton_Click" />
                          <button id="recSaveButton" size="normal"
                                  getLabel="TSRRibbon_Item_GetLabel"
                                  getSupertip="SaveButton_GetSupertip" onAction="SaveButton_Click" getEnabled="SaveButton_getEnable" />
                          <button id="recSubmitButton" size="normal"
                                  getLabel="TSRRibbon_Item_GetLabel"
                                  getSupertip="SubmitButton_GetSupertip" onAction="SubmitButton_Click" getEnabled="SubmitButton_getEnable" />
                      </box>
                  </group>
              </tab>
          </tabSet>
      </contextualTabs>
  </ribbon>
</customUI>

